epic,name,index_name,source_url
III,3i Group,FTSE 100,https://bullishbears.com/ftse-index-100-stocks-list/
ADM,Admiral Group,FTSE 100,https://bullishbears.com/ftse-index-100-stocks-list/
AAL,Anglo American,FTSE 100,https://bullishbears.com/ftse-index-100-stocks-list/
ANTO,Antofagasta,FTSE 100,https://bullishbears.com/ftse-index-100-stocks-list/
AHT,Ashtead Group,FTSE 100,https://bullishbears.com/ftse-index-100-stocks-list/
ABF,Associated British Foods,FTSE 100,https://bullishbears.com/ftse-index-100-stocks-list/
AZN,AstraZeneca,FTSE 100,https://bullishbears.com/ftse-index-100-stocks-list/
AUTO,Auto Trader Group,FTSE 100,https://bullishbears.com/ftse-index-100-stocks-list/
AVST,Avast,FTSE 100,https://bullishbears.com/ftse-index-100-stocks-list/
AVV,AVEVA Group,FTSE 100,https://bullishbears.com/ftse-index-100-stocks-list/
AV.,Aviva,FTSE 100,https://bullishbears.com/ftse-index-100-stocks-list/
BME,B&M European Value Retail,FTSE 100,https://bullishbears.com/ftse-index-100-stocks-list/
BA.,BAE Systems,FTSE 100,https://bullishbears.com/ftse-index-100-stocks-list/
BARC,Barclays,FTSE 100,https://bullishbears.com/ftse-index-100-stocks-list/
BDEV,Barratt Developments,FTSE 100,https://bullishbears.com/ftse-index-100-stocks-list/
BHP,BHP Group,FTSE 100,https://bullishbears.com/ftse-index-100-stocks-list/
BP.,BP,FTSE 100,https://bullishbears.com/ftse-index-100-stocks-list/
BATS,British American Tobacco,FTSE 100,https://bullishbears.com/ftse-index-100-stocks-list/
BLND,British Land Company,FTSE 100,https://bullishbears.com/ftse-index-100-stocks-list/
BT.A,BT Group,FTSE 100,https://bullishbears.com/ftse-index-100-stocks-list/
BNZL,Bunzl,FTSE 100,https://bullishbears.com/ftse-index-100-stocks-list/
BRBY,Burberry Group,FTSE 100,https://bullishbears.com/ftse-index-100-stocks-list/
CCH,Coca-Cola HBC,FTSE 100,https://bullishbears.com/ftse-index-100-stocks-list/
CPG,Compass Group,FTSE 100,https://bullishbears.com/ftse-index-100-stocks-list/
CRH,CRH,FTSE 100,https://bullishbears.com/ftse-index-100-stocks-list/
CRDA,Croda International,FTSE 100,https://bullishbears.com/ftse-index-100-stocks-list/
DCC,DCC,FTSE 100,https://bullishbears.com/ftse-index-100-stocks-list/
DGE,Diageo,FTSE 100,https://bullishbears.com/ftse-index-100-stocks-list/
SMDS,DS Smith,FTSE 100,https://bullishbears.com/ftse-index-100-stocks-list/
ENT,Entain,FTSE 100,https://bullishbears.com/ftse-index-100-stocks-list/
EVR,EVRAZ,FTSE 100,https://bullishbears.com/ftse-index-100-stocks-list/
EXPN,Experian,FTSE 100,https://bullishbears.com/ftse-index-100-stocks-list/
FERG,Ferguson,FTSE 100,https://bullishbears.com/ftse-index-100-stocks-list/
FLTR,Flutter Entertainment,FTSE 100,https://bullishbears.com/ftse-index-100-stocks-list/
FRES,Fresnillo,FTSE 100,https://bullishbears.com/ftse-index-100-stocks-list/
GSK,GlaxoSmithKline,FTSE 100,https://bullishbears.com/ftse-index-100-stocks-list/
GLEN,Glencore,FTSE 100,https://bullishbears.com/ftse-index-100-stocks-list/
HLMA,Halma,FTSE 100,https://bullishbears.com/ftse-index-100-stocks-list/
HL.,Hargreaves Lansdown,FTSE 100,https://bullishbears.com/ftse-index-100-stocks-list/
HIK,Hikma Pharmaceuticals,FTSE 100,https://bullishbears.com/ftse-index-100-stocks-list/
HSBA,HSBC Holdings,FTSE 100,https://bullishbears.com/ftse-index-100-stocks-list/
IMB,Imperial Brands,FTSE 100,https://bullishbears.com/ftse-index-100-stocks-list/
INF,Informa,FTSE 100,https://bullishbears.com/ftse-index-100-stocks-list/
IHG,InterContinental Hotels Group,FTSE 100,https://bullishbears.com/ftse-index-100-stocks-list/
ICP,Intermediate Capital Group,FTSE 100,https://bullishbears.com/ftse-index-100-stocks-list/
IAG,International Consolidated Airlines Group,FTSE 100,https://bullishbears.com/ftse-index-100-stocks-list/
ITRK,Intertek Group,FTSE 100,https://bullishbears.com/ftse-index-100-stocks-list/
SBRY,J Sainsbury,FTSE 100,https://bullishbears.com/ftse-index-100-stocks-list/
JD.,JD Sports Fashion,FTSE 100,https://bullishbears.com/ftse-index-100-stocks-list/
JMAT,Johnson Matthey,FTSE 100,https://bullishbears.com/ftse-index-100-stocks-list/
JET,Just Eat Takeaway.com,FTSE 100,https://bullishbears.com/ftse-index-100-stocks-list/
KGF,Kingfisher,FTSE 100,https://bullishbears.com/ftse-index-100-stocks-list/
LAND,Land Securities Group,FTSE 100,https://bullishbears.com/ftse-index-100-stocks-list/
LGEN,Legal & General Group,FTSE 100,https://bullishbears.com/ftse-index-100-stocks-list/
LLOY,Lloyds Banking Group,FTSE 100,https://bullishbears.com/ftse-index-100-stocks-list/
LSEG,London Stock Exchange Group,FTSE 100,https://bullishbears.com/ftse-index-100-stocks-list/
MNG,M&G,FTSE 100,https://bullishbears.com/ftse-index-100-stocks-list/
MRO,Melrose Industries,FTSE 100,https://bullishbears.com/ftse-index-100-stocks-list/
MNDI,Mondi,FTSE 100,https://bullishbears.com/ftse-index-100-stocks-list/
NG.,National Grid,FTSE 100,https://bullishbears.com/ftse-index-100-stocks-list/
NWG,NatWest Group,FTSE 100,https://bullishbears.com/ftse-index-100-stocks-list/
NXT,NEXT,FTSE 100,https://bullishbears.com/ftse-index-100-stocks-list/
OCDO,Ocado Group,FTSE 100,https://bullishbears.com/ftse-index-100-stocks-list/
PSON,Pearson,FTSE 100,https://bullishbears.com/ftse-index-100-stocks-list/
PNN,Pennon Group,FTSE 100,https://bullishbears.com/ftse-index-100-stocks-list/
PSH,Pershing Square Holdings,FTSE 100,https://bullishbears.com/ftse-index-100-stocks-list/
PSN,Persimmon,FTSE 100,https://bullishbears.com/ftse-index-100-stocks-list/
PHNX,Phoenix Group Holdings,FTSE 100,https://bullishbears.com/ftse-index-100-stocks-list/
POLY,Polymetal International,FTSE 100,https://bullishbears.com/ftse-index-100-stocks-list/
PRU,Prudential,FTSE 100,https://bullishbears.com/ftse-index-100-stocks-list/
REL,RELX,FTSE 100,https://bullishbears.com/ftse-index-100-stocks-list/
RTO,Rentokil Initial,FTSE 100,https://bullishbears.com/ftse-index-100-stocks-list/
RMV,Rightmove,FTSE 100,https://bullishbears.com/ftse-index-100-stocks-list/
RIO,Rio Tinto Group,FTSE 100,https://bullishbears.com/ftse-index-100-stocks-list/
RR.,Rolls-Royce Holdings,FTSE 100,https://bullishbears.com/ftse-index-100-stocks-list/
RSA,RSA Insurance Group,FTSE 100,https://bullishbears.com/ftse-index-100-stocks-list/
SDR,Schroders,FTSE 100,https://bullishbears.com/ftse-index-100-stocks-list/
SMT,Scottish Mortgage Investment Trust,FTSE 100,https://bullishbears.com/ftse-index-100-stocks-list/
SGRO,SEGRO,FTSE 100,https://bullishbears.com/ftse-index-100-stocks-list/
SVT,Severn Trent,FTSE 100,https://bullishbears.com/ftse-index-100-stocks-list/
SHEL,Shell,FTSE 100,https://bullishbears.com/ftse-index-100-stocks-list/
SN.,Smith & Nephew,FTSE 100,https://bullishbears.com/ftse-index-100-stocks-list/
SMIN,Smiths Group,FTSE 100,https://bullishbears.com/ftse-index-100-stocks-list/
SKG,Smurfit Kappa Group,FTSE 100,https://bullishbears.com/ftse-index-100-stocks-list/
SPX,Spirax-Sarco Engineering,FTSE 100,https://bullishbears.com/ftse-index-100-stocks-list/
SSE,SSE,FTSE 100,https://bullishbears.com/ftse-index-100-stocks-list/
STJ,St. James's Place,FTSE 100,https://bullishbears.com/ftse-index-100-stocks-list/
STAN,Standard Chartered,FTSE 100,https://bullishbears.com/ftse-index-100-stocks-list/
SLA,Standard Life Aberdeen,FTSE 100,https://bullishbears.com/ftse-index-100-stocks-list/
TW.,Taylor Wimpey,FTSE 100,https://bullishbears.com/ftse-index-100-stocks-list/
TSCO,Tesco,FTSE 100,https://bullishbears.com/ftse-index-100-stocks-list/
BKG,The Berkeley Group Holdings,FTSE 100,https://bullishbears.com/ftse-index-100-stocks-list/
SGE,The Sage Group,FTSE 100,https://bullishbears.com/ftse-index-100-stocks-list/
ULVR,Unilever,FTSE 100,https://bullishbears.com/ftse-index-100-stocks-list/
UU.,United Utilities Group,FTSE 100,https://bullishbears.com/ftse-index-100-stocks-list/
VOD,Vodafone Group,FTSE 100,https://bullishbears.com/ftse-index-100-stocks-list/
WTB,Whitbread,FTSE 100,https://bullishbears.com/ftse-index-100-stocks-list/
MRW,Wm Morrison Supermarkets,FTSE 100,https://bullishbears.com/ftse-index-100-stocks-list/
WPP,WPP,FTSE 100,https://bullishbears.com/ftse-index-100-stocks-list/
3IN,3i Infrastructure,FTSE 250,https://en.wikipedia.org/wiki/FTSE_250_Index
FOUR,4imprint,FTSE 250,https://en.wikipedia.org/wiki/FTSE_250_Index
AAS,Aberdeen Asia Focus,FTSE 250,https://en.wikipedia.org/wiki/FTSE_250_Index
ABDN,Aberdeen Group,FTSE 250,https://en.wikipedia.org/wiki/FTSE_250_Index
ASL,Aberforth Smaller Companies Trust,FTSE 250,https://en.wikipedia.org/wiki/FTSE_250_Index
AEP,AEP Plantations,FTSE 250,https://en.wikipedia.org/wiki/FTSE_250_Index
ALFA,Alfa Financial Software,FTSE 250,https://en.wikipedia.org/wiki/FTSE_250_Index
ATT,Allianz Technology Trust,FTSE 250,https://en.wikipedia.org/wiki/FTSE_250_Index
AO,AO World,FTSE 250,https://en.wikipedia.org/wiki/FTSE_250_Index
APN,Applied Nutrition,FTSE 250,https://en.wikipedia.org/wiki/FTSE_250_Index
ASHM,Ashmore Group,FTSE 250,https://en.wikipedia.org/wiki/FTSE_250_Index
AIE,Ashoka India Equity Investment Trust,FTSE 250,https://en.wikipedia.org/wiki/FTSE_250_Index
AML,Aston Martin Lagonda,FTSE 250,https://en.wikipedia.org/wiki/FTSE_250_Index
ATYM,Atalaya Mining,FTSE 250,https://en.wikipedia.org/wiki/FTSE_250_Index
AGT,AVI Global Trust,FTSE 250,https://en.wikipedia.org/wiki/FTSE_250_Index
AVON,Avon Technologies,FTSE 250,https://en.wikipedia.org/wiki/FTSE_250_Index
BME,B&M,FTSE 250,https://en.wikipedia.org/wiki/FTSE_250_Index
BGFD,Baillie Gifford Japan Trust,FTSE 250,https://en.wikipedia.org/wiki/FTSE_250_Index
USA,Baillie Gifford US Growth Trust,FTSE 250,https://en.wikipedia.org/wiki/FTSE_250_Index
BBY,Balfour Beatty,FTSE 250,https://en.wikipedia.org/wiki/FTSE_250_Index
BCG,Baltic Classifieds,FTSE 250,https://en.wikipedia.org/wiki/FTSE_250_Index
BNKR,Bankers Investment Trust,FTSE 250,https://en.wikipedia.org/wiki/FTSE_250_Index
BAG,A.G. Barr,FTSE 250,https://en.wikipedia.org/wiki/FTSE_250_Index
AJB,AJ Bell,FTSE 250,https://en.wikipedia.org/wiki/FTSE_250_Index
BWY,Bellway,FTSE 250,https://en.wikipedia.org/wiki/FTSE_250_Index
BHMG,BH Macro,FTSE 250,https://en.wikipedia.org/wiki/FTSE_250_Index
BYG,Big Yellow Group,FTSE 250,https://en.wikipedia.org/wiki/FTSE_250_Index
BPCR,Biopharma Credit,FTSE 250,https://en.wikipedia.org/wiki/FTSE_250_Index
BRGE,BlackRock Greater Europe Investment Trust,FTSE 250,https://en.wikipedia.org/wiki/FTSE_250_Index
BRSC,BlackRock Smaller Companies Trust,FTSE 250,https://en.wikipedia.org/wiki/FTSE_250_Index
BRWM,BlackRock World Mining Trust,FTSE 250,https://en.wikipedia.org/wiki/FTSE_250_Index
BSIF,Bluefield Solar Income Fund,FTSE 250,https://en.wikipedia.org/wiki/FTSE_250_Index
BOY,Bodycote,FTSE 250,https://en.wikipedia.org/wiki/FTSE_250_Index
BREE,Breedon Group,FTSE 250,https://en.wikipedia.org/wiki/FTSE_250_Index
BPT,Bridgepoint Group,FTSE 250,https://en.wikipedia.org/wiki/FTSE_250_Index
BUT,Brunner Investment Trust,FTSE 250,https://en.wikipedia.org/wiki/FTSE_250_Index
BYIT,Bytes Technology Group,FTSE 250,https://en.wikipedia.org/wiki/FTSE_250_Index
CCR,C&C Group,FTSE 250,https://en.wikipedia.org/wiki/FTSE_250_Index
CLDN,Caledonia Investments,FTSE 250,https://en.wikipedia.org/wiki/FTSE_250_Index
CGT,Capital Gearing Trust,FTSE 250,https://en.wikipedia.org/wiki/FTSE_250_Index
CCL,Carnival Corporation,FTSE 250,https://en.wikipedia.org/wiki/FTSE_250_Index
CWR,Ceres Power,FTSE 250,https://en.wikipedia.org/wiki/FTSE_250_Index
CHG,Chemring Group,FTSE 250,https://en.wikipedia.org/wiki/FTSE_250_Index
CSN,Chesnara,FTSE 250,https://en.wikipedia.org/wiki/FTSE_250_Index
CHRY,Chrysalis Investments,FTSE 250,https://en.wikipedia.org/wiki/FTSE_250_Index
CTY,City of London Investment Trust,FTSE 250,https://en.wikipedia.org/wiki/FTSE_250_Index
CKN,Clarkson,FTSE 250,https://en.wikipedia.org/wiki/FTSE_250_Index
CBG,Close Brothers Group,FTSE 250,https://en.wikipedia.org/wiki/FTSE_250_Index
CMCX,CMC Markets,FTSE 250,https://en.wikipedia.org/wiki/FTSE_250_Index
COA,Coats Group,FTSE 250,https://en.wikipedia.org/wiki/FTSE_250_Index
CCC,Computacenter,FTSE 250,https://en.wikipedia.org/wiki/FTSE_250_Index
COST,Costain Group,FTSE 250,https://en.wikipedia.org/wiki/FTSE_250_Index
CWK,Cranswick,FTSE 250,https://en.wikipedia.org/wiki/FTSE_250_Index
CURY,Currys,FTSE 250,https://en.wikipedia.org/wiki/FTSE_250_Index
CVSG,CVS Group,FTSE 250,https://en.wikipedia.org/wiki/FTSE_250_Index
DLN,Derwent London,FTSE 250,https://en.wikipedia.org/wiki/FTSE_250_Index
DSCV,discoverIE,FTSE 250,https://en.wikipedia.org/wiki/FTSE_250_Index
DOM,Domino's Pizza,FTSE 250,https://en.wikipedia.org/wiki/FTSE_250_Index
DRX,Drax Group,FTSE 250,https://en.wikipedia.org/wiki/FTSE_250_Index
DOCS,Dr. Martens,FTSE 250,https://en.wikipedia.org/wiki/FTSE_250_Index
DNLM,Dunelm Group,FTSE 250,https://en.wikipedia.org/wiki/FTSE_250_Index
EZJ,EasyJet,FTSE 250,https://en.wikipedia.org/wiki/FTSE_250_Index
EDIN,Edinburgh Investment Trust,FTSE 250,https://en.wikipedia.org/wiki/FTSE_250_Index
EWI,Edinburgh Worldwide Investment Trust,FTSE 250,https://en.wikipedia.org/wiki/FTSE_250_Index
ELM,Elementis,FTSE 250,https://en.wikipedia.org/wiki/FTSE_250_Index
ENOG,Energean,FTSE 250,https://en.wikipedia.org/wiki/FTSE_250_Index
ESCT,European Smaller Companies Trust,FTSE 250,https://en.wikipedia.org/wiki/FTSE_250_Index
EWG,Eurowag,FTSE 250,https://en.wikipedia.org/wiki/FTSE_250_Index
FCSS,Fidelity China Special Situations,FTSE 250,https://en.wikipedia.org/wiki/FTSE_250_Index
FEML,Fidelity Emerging Markets,FTSE 250,https://en.wikipedia.org/wiki/FTSE_250_Index
FEV,Fidelity European Trust,FTSE 250,https://en.wikipedia.org/wiki/FTSE_250_Index
FSV,Fidelity Special Values,FTSE 250,https://en.wikipedia.org/wiki/FTSE_250_Index
FGT,Finsbury Growth & Income Trust,FTSE 250,https://en.wikipedia.org/wiki/FTSE_250_Index
FGP,FirstGroup,FTSE 250,https://en.wikipedia.org/wiki/FTSE_250_Index
FGEN,Foresight Environmental Infrastructure,FTSE 250,https://en.wikipedia.org/wiki/FTSE_250_Index
FSG,Foresight Group,FTSE 250,https://en.wikipedia.org/wiki/FTSE_250_Index
FRAS,Frasers Group,FTSE 250,https://en.wikipedia.org/wiki/FTSE_250_Index
FCH,Funding Circle,FTSE 250,https://en.wikipedia.org/wiki/FTSE_250_Index
GFRD,Galliford Try,FTSE 250,https://en.wikipedia.org/wiki/FTSE_250_Index
GAMA,Gamma Communications,FTSE 250,https://en.wikipedia.org/wiki/FTSE_250_Index
GBG,GB Group,FTSE 250,https://en.wikipedia.org/wiki/FTSE_250_Index
GCP,GCP Infrastructure Investments,FTSE 250,https://en.wikipedia.org/wiki/FTSE_250_Index
GEN,Genuit Group,FTSE 250,https://en.wikipedia.org/wiki/FTSE_250_Index
GNS,Genus,FTSE 250,https://en.wikipedia.org/wiki/FTSE_250_Index
GSCT,Global Smaller Companies Trust,FTSE 250,https://en.wikipedia.org/wiki/FTSE_250_Index
GDWN,Goodwin,FTSE 250,https://en.wikipedia.org/wiki/FTSE_250_Index
GFTU,Grafton Group,FTSE 250,https://en.wikipedia.org/wiki/FTSE_250_Index
GRI,Grainger,FTSE 250,https://en.wikipedia.org/wiki/FTSE_250_Index
GPE,Great Portland Estates,FTSE 250,https://en.wikipedia.org/wiki/FTSE_250_Index
UKW,Greencoat UK Wind,FTSE 250,https://en.wikipedia.org/wiki/FTSE_250_Index
GNC,Greencore,FTSE 250,https://en.wikipedia.org/wiki/FTSE_250_Index
GRG,Greggs,FTSE 250,https://en.wikipedia.org/wiki/FTSE_250_Index
HMSO,Hammerson,FTSE 250,https://en.wikipedia.org/wiki/FTSE_250_Index
HBR,Harbour Energy,FTSE 250,https://en.wikipedia.org/wiki/FTSE_250_Index
HVPE,HarbourVest Global Private Equity,FTSE 250,https://en.wikipedia.org/wiki/FTSE_250_Index
HWG,Harworth Group,FTSE 250,https://en.wikipedia.org/wiki/FTSE_250_Index
HAS,Hays,FTSE 250,https://en.wikipedia.org/wiki/FTSE_250_Index
HTWS,Helios Towers,FTSE 250,https://en.wikipedia.org/wiki/FTSE_250_Index
HFEL,Henderson Far East Income,FTSE 250,https://en.wikipedia.org/wiki/FTSE_250_Index
HSL,Henderson Smaller Companies Investment Trust,FTSE 250,https://en.wikipedia.org/wiki/FTSE_250_Index
HRI,Herald Investment Trust,FTSE 250,https://en.wikipedia.org/wiki/FTSE_250_Index
HGT,Hg Capital Trust,FTSE 250,https://en.wikipedia.org/wiki/FTSE_250_Index
HICL,HICL Infrastructure Company,FTSE 250,https://en.wikipedia.org/wiki/FTSE_250_Index
HIK,Hikma Pharmaceuticals,FTSE 250,https://en.wikipedia.org/wiki/FTSE_250_Index
HILS,Hill & Smith,FTSE 250,https://en.wikipedia.org/wiki/FTSE_250_Index
HFG,Hilton Food Group,FTSE 250,https://en.wikipedia.org/wiki/FTSE_250_Index
HOC,Hochschild Mining,FTSE 250,https://en.wikipedia.org/wiki/FTSE_250_Index
BOWL,Hollywood Bowl Group,FTSE 250,https://en.wikipedia.org/wiki/FTSE_250_Index
HTG,Hunting,FTSE 250,https://en.wikipedia.org/wiki/FTSE_250_Index
IBST,Ibstock,FTSE 250,https://en.wikipedia.org/wiki/FTSE_250_Index
ICGT,ICG Enterprise Trust,FTSE 250,https://en.wikipedia.org/wiki/FTSE_250_Index
IEM,Impax Environmental Markets,FTSE 250,https://en.wikipedia.org/wiki/FTSE_250_Index
INCH,Inchcape,FTSE 250,https://en.wikipedia.org/wiki/FTSE_250_Index
IHP,IntegraFin Holdings,FTSE 250,https://en.wikipedia.org/wiki/FTSE_250_Index
IPF,International Personal Finance,FTSE 250,https://en.wikipedia.org/wiki/FTSE_250_Index
INPP,International Public Partnerships,FTSE 250,https://en.wikipedia.org/wiki/FTSE_250_Index
IWG,International Workplace Group,FTSE 250,https://en.wikipedia.org/wiki/FTSE_250_Index
IAD,Invesco Asia Dragon Trust,FTSE 250,https://en.wikipedia.org/wiki/FTSE_250_Index
INVP,Investec,FTSE 250,https://en.wikipedia.org/wiki/FTSE_250_Index
IPO,IP Group,FTSE 250,https://en.wikipedia.org/wiki/FTSE_250_Index
ITH,Ithaca Energy,FTSE 250,https://en.wikipedia.org/wiki/FTSE_250_Index
ITV,ITV,FTSE 250,https://en.wikipedia.org/wiki/FTSE_250_Index
JMAT,Johnson Matthey,FTSE 250,https://en.wikipedia.org/wiki/FTSE_250_Index
JSG,Johnson Service Group,FTSE 250,https://en.wikipedia.org/wiki/FTSE_250_Index
JAM,JPMorgan American Investment Trust,FTSE 250,https://en.wikipedia.org/wiki/FTSE_250_Index
JCH,JPMorgan Claverhouse Investment Trust,FTSE 250,https://en.wikipedia.org/wiki/FTSE_250_Index
JEMI,JPMorgan Emerging Markets Dividend Income,FTSE 250,https://en.wikipedia.org/wiki/FTSE_250_Index
JMG,JPMorgan Emerging Markets Growth & Income,FTSE 250,https://en.wikipedia.org/wiki/FTSE_250_Index
JEDT,JPMorgan European Discovery,FTSE 250,https://en.wikipedia.org/wiki/FTSE_250_Index
JEGI,JPMorgan European Growth & Income,FTSE 250,https://en.wikipedia.org/wiki/FTSE_250_Index
JGGI,JPMorgan Global Growth & Income,FTSE 250,https://en.wikipedia.org/wiki/FTSE_250_Index
JII,JPMorgan India Growth & Income,FTSE 250,https://en.wikipedia.org/wiki/FTSE_250_Index
JFJ,JPMorgan Japanese Investment Trust,FTSE 250,https://en.wikipedia.org/wiki/FTSE_250_Index
JTC,JTC,FTSE 250,https://en.wikipedia.org/wiki/FTSE_250_Index
JUP,Jupiter Fund Management,FTSE 250,https://en.wikipedia.org/wiki/FTSE_250_Index
KNOS,Kainos,FTSE 250,https://en.wikipedia.org/wiki/FTSE_250_Index
KLR,Keller Group,FTSE 250,https://en.wikipedia.org/wiki/FTSE_250_Index
KIE,Kier Group,FTSE 250,https://en.wikipedia.org/wiki/FTSE_250_Index
LRE,Lancashire Holdings,FTSE 250,https://en.wikipedia.org/wiki/FTSE_250_Index
LWDB,Law Debenture,FTSE 250,https://en.wikipedia.org/wiki/FTSE_250_Index
EMG,Man Group,FTSE 250,https://en.wikipedia.org/wiki/FTSE_250_Index
MSLH,Marshalls,FTSE 250,https://en.wikipedia.org/wiki/FTSE_250_Index
MEGP,ME Group International,FTSE 250,https://en.wikipedia.org/wiki/FTSE_250_Index
MRC,Mercantile Investment Trust,FTSE 250,https://en.wikipedia.org/wiki/FTSE_250_Index
MRCH,Merchants Trust,FTSE 250,https://en.wikipedia.org/wiki/FTSE_250_Index
MTRO,Metro Bank,FTSE 250,https://en.wikipedia.org/wiki/FTSE_250_Index
MAB,Mitchells & Butlers,FTSE 250,https://en.wikipedia.org/wiki/FTSE_250_Index
MTO,Mitie,FTSE 250,https://en.wikipedia.org/wiki/FTSE_250_Index
GROW,Molten Ventures,FTSE 250,https://en.wikipedia.org/wiki/FTSE_250_Index
MNKS,Monks Investment Trust,FTSE 250,https://en.wikipedia.org/wiki/FTSE_250_Index
MONY,MONY Group,FTSE 250,https://en.wikipedia.org/wiki/FTSE_250_Index
MOON,Moonpig,FTSE 250,https://en.wikipedia.org/wiki/FTSE_250_Index
MGAM,Morgan Advanced Materials,FTSE 250,https://en.wikipedia.org/wiki/FTSE_250_Index
MGNS,Morgan Sindall Group,FTSE 250,https://en.wikipedia.org/wiki/FTSE_250_Index
MUT,Murray Income Trust,FTSE 250,https://en.wikipedia.org/wiki/FTSE_250_Index
MYI,Murray International Trust,FTSE 250,https://en.wikipedia.org/wiki/FTSE_250_Index
NBPE,NB Private Equity Partners,FTSE 250,https://en.wikipedia.org/wiki/FTSE_250_Index
NCC,NCC Group,FTSE 250,https://en.wikipedia.org/wiki/FTSE_250_Index
N91,Ninety One,FTSE 250,https://en.wikipedia.org/wiki/FTSE_250_Index
NAS,North Atlantic Smaller Companies Investment Trust,FTSE 250,https://en.wikipedia.org/wiki/FTSE_250_Index
OCI,Oakley Capital Investments,FTSE 250,https://en.wikipedia.org/wiki/FTSE_250_Index
OCDO,Ocado Group,FTSE 250,https://en.wikipedia.org/wiki/FTSE_250_Index
OSB,OSB Group,FTSE 250,https://en.wikipedia.org/wiki/FTSE_250_Index
OXB,Oxford Biomedica,FTSE 250,https://en.wikipedia.org/wiki/FTSE_250_Index
OXIG,Oxford Instruments,FTSE 250,https://en.wikipedia.org/wiki/FTSE_250_Index
ONT,Oxford Nanopore Technologies,FTSE 250,https://en.wikipedia.org/wiki/FTSE_250_Index
PHI,Pacific Horizon Investment Trust,FTSE 250,https://en.wikipedia.org/wiki/FTSE_250_Index
PAGE,PageGroup,FTSE 250,https://en.wikipedia.org/wiki/FTSE_250_Index
PAF,Pan African Resources,FTSE 250,https://en.wikipedia.org/wiki/FTSE_250_Index
PINT,Pantheon Infrastructure,FTSE 250,https://en.wikipedia.org/wiki/FTSE_250_Index
PIN,Pantheon International,FTSE 250,https://en.wikipedia.org/wiki/FTSE_250_Index
PAG,Paragon Banking Group,FTSE 250,https://en.wikipedia.org/wiki/FTSE_250_Index
PEY,Partners Group Private Equity,FTSE 250,https://en.wikipedia.org/wiki/FTSE_250_Index
PPET,Patria Private Equity Trust,FTSE 250,https://en.wikipedia.org/wiki/FTSE_250_Index
PNN,Pennon Group,FTSE 250,https://en.wikipedia.org/wiki/FTSE_250_Index
PNL,Personal Assets Trust,FTSE 250,https://en.wikipedia.org/wiki/FTSE_250_Index
PETS,Pets at Home,FTSE 250,https://en.wikipedia.org/wiki/FTSE_250_Index
PTEC,Playtech,FTSE 250,https://en.wikipedia.org/wiki/FTSE_250_Index
PLUS,Plus500,FTSE 250,https://en.wikipedia.org/wiki/FTSE_250_Index
PCGH,Polar Capital Global Healthcare Trust,FTSE 250,https://en.wikipedia.org/wiki/FTSE_250_Index
POLN,Pollen Street Group,FTSE 250,https://en.wikipedia.org/wiki/FTSE_250_Index
PPH,PPHE Hotel Group,FTSE 250,https://en.wikipedia.org/wiki/FTSE_250_Index
PFD,Premier Foods,FTSE 250,https://en.wikipedia.org/wiki/FTSE_250_Index
PHP,Primary Health Properties,FTSE 250,https://en.wikipedia.org/wiki/FTSE_250_Index
PRN,Princes Group,FTSE 250,https://en.wikipedia.org/wiki/FTSE_250_Index
QQ,Qinetiq,FTSE 250,https://en.wikipedia.org/wiki/FTSE_250_Index
QLT,Quilter,FTSE 250,https://en.wikipedia.org/wiki/FTSE_250_Index
RNK,Rank Group,FTSE 250,https://en.wikipedia.org/wiki/FTSE_250_Index
RPI,Raspberry Pi Holdings,FTSE 250,https://en.wikipedia.org/wiki/FTSE_250_Index
RAT,Rathbones,FTSE 250,https://en.wikipedia.org/wiki/FTSE_250_Index
RSW,Renishaw,FTSE 250,https://en.wikipedia.org/wiki/FTSE_250_Index
RHIM,RHI Magnesita,FTSE 250,https://en.wikipedia.org/wiki/FTSE_250_Index
RCP,RIT Capital Partners,FTSE 250,https://en.wikipedia.org/wiki/FTSE_250_Index
ROR,Rotork,FTSE 250,https://en.wikipedia.org/wiki/FTSE_250_Index
RS1,RS Group,FTSE 250,https://en.wikipedia.org/wiki/FTSE_250_Index
RTW,RTW Biotech Opportunities,FTSE 250,https://en.wikipedia.org/wiki/FTSE_250_Index
RICA,Ruffer Investment Company,FTSE 250,https://en.wikipedia.org/wiki/FTSE_250_Index
SAFE,Safestore,FTSE 250,https://en.wikipedia.org/wiki/FTSE_250_Index
SAGA,Saga,FTSE 250,https://en.wikipedia.org/wiki/FTSE_250_Index
SVS,Savills,FTSE 250,https://en.wikipedia.org/wiki/FTSE_250_Index
MNTN,Schiehallion Fund,FTSE 250,https://en.wikipedia.org/wiki/FTSE_250_Index
ATR,Schroder Asian Total Return Investment Company,FTSE 250,https://en.wikipedia.org/wiki/FTSE_250_Index
SDP,Schroder AsiaPacific Fund,FTSE 250,https://en.wikipedia.org/wiki/FTSE_250_Index
SOI,Schroder Oriental Income Fund,FTSE 250,https://en.wikipedia.org/wiki/FTSE_250_Index
SAIN,Scottish American Investment Company,FTSE 250,https://en.wikipedia.org/wiki/FTSE_250_Index
SEIT,SDCL Energy Efficiency Income Trust,FTSE 250,https://en.wikipedia.org/wiki/FTSE_250_Index
SNR,Senior,FTSE 250,https://en.wikipedia.org/wiki/FTSE_250_Index
SEQI,Sequoia Economic Infrastructure Income Fund,FTSE 250,https://en.wikipedia.org/wiki/FTSE_250_Index
SRP,Serco,FTSE 250,https://en.wikipedia.org/wiki/FTSE_250_Index
SHC,Shaftesbury Capital,FTSE 250,https://en.wikipedia.org/wiki/FTSE_250_Index
SHAW,Shawbrook Bank,FTSE 250,https://en.wikipedia.org/wiki/FTSE_250_Index
SRE,Sirius Real Estate,FTSE 250,https://en.wikipedia.org/wiki/FTSE_250_Index
SCT,Softcat,FTSE 250,https://en.wikipedia.org/wiki/FTSE_250_Index
SPI,Spire Healthcare,FTSE 250,https://en.wikipedia.org/wiki/FTSE_250_Index
SSPG,SSP Group,FTSE 250,https://en.wikipedia.org/wiki/FTSE_250_Index
SUPR,Supermarket Income REIT,FTSE 250,https://en.wikipedia.org/wiki/FTSE_250_Index
SYNC,Syncona,FTSE 250,https://en.wikipedia.org/wiki/FTSE_250_Index
THRL,Target Healthcare REIT,FTSE 250,https://en.wikipedia.org/wiki/FTSE_250_Index
TATE,Tate & Lyle,FTSE 250,https://en.wikipedia.org/wiki/FTSE_250_Index
TW,Taylor Wimpey,FTSE 250,https://en.wikipedia.org/wiki/FTSE_250_Index
TBCG,TBC Bank,FTSE 250,https://en.wikipedia.org/wiki/FTSE_250_Index
TEP,Telecom Plus,FTSE 250,https://en.wikipedia.org/wiki/FTSE_250_Index
TMPL,Temple Bar Investment Trust,FTSE 250,https://en.wikipedia.org/wiki/FTSE_250_Index
TEM,Templeton Emerging Markets Investment Trust,FTSE 250,https://en.wikipedia.org/wiki/FTSE_250_Index
TRIG,The Renewables Infrastructure Group,FTSE 250,https://en.wikipedia.org/wiki/FTSE_250_Index
THG,THG,FTSE 250,https://en.wikipedia.org/wiki/FTSE_250_Index
TCAP,TP ICAP,FTSE 250,https://en.wikipedia.org/wiki/FTSE_250_Index
TRN,Trainline,FTSE 250,https://en.wikipedia.org/wiki/FTSE_250_Index
TPK,Travis Perkins,FTSE 250,https://en.wikipedia.org/wiki/FTSE_250_Index
TRY,TR Property Investment Trust,FTSE 250,https://en.wikipedia.org/wiki/FTSE_250_Index
TRST,Trustpilot,FTSE 250,https://en.wikipedia.org/wiki/FTSE_250_Index
TFIF,Twentyfour Income Fund,FTSE 250,https://en.wikipedia.org/wiki/FTSE_250_Index
UTG,Unite Group,FTSE 250,https://en.wikipedia.org/wiki/FTSE_250_Index
UEM,Utilico Emerging Markets,FTSE 250,https://en.wikipedia.org/wiki/FTSE_250_Index
VSVS,Vesuvius,FTSE 250,https://en.wikipedia.org/wiki/FTSE_250_Index
VCT,Victrex,FTSE 250,https://en.wikipedia.org/wiki/FTSE_250_Index
VEIL,Vietnam Enterprise Investments,FTSE 250,https://en.wikipedia.org/wiki/FTSE_250_Index
VOF,VinaCapital Vietnam Opportunity Fund,FTSE 250,https://en.wikipedia.org/wiki/FTSE_250_Index
VTY,Vistry Group,FTSE 250,https://en.wikipedia.org/wiki/FTSE_250_Index
FAN,Volution Group,FTSE 250,https://en.wikipedia.org/wiki/FTSE_250_Index
WOSG,Watches of Switzerland,FTSE 250,https://en.wikipedia.org/wiki/FTSE_250_Index
JDW,Wetherspoons,FTSE 250,https://en.wikipedia.org/wiki/FTSE_250_Index
SMWH,WHSmith,FTSE 250,https://en.wikipedia.org/wiki/FTSE_250_Index
WIX,Wickes,FTSE 250,https://en.wikipedia.org/wiki/FTSE_250_Index
WIZZ,Wizz Air,FTSE 250,https://en.wikipedia.org/wiki/FTSE_250_Index
WKP,Workspace Group,FTSE 250,https://en.wikipedia.org/wiki/FTSE_250_Index
WWH,Worldwide Healthcare Trust,FTSE 250,https://en.wikipedia.org/wiki/FTSE_250_Index
WPP,WPP,FTSE 250,https://en.wikipedia.org/wiki/FTSE_250_Index
XPS,XPS Pensions,FTSE 250,https://en.wikipedia.org/wiki/FTSE_250_Index
ZIG,Zigup,FTSE 250,https://en.wikipedia.org/wiki/FTSE_250_Index
